﻿<?xml version="1.0" encoding="utf-8"?>
<Deployment xmlns="http://schemas.microsoft.com/windowsphone/2012/deployment" AppPlatformVersion="8.0">
  <DefaultLanguage xmlns="" code="en-US" />
  <App xmlns="" ProductID="{c224f323-e850-4ef0-ac98-0d03635ab86a}" Title="vSongBook Int" RuntimeType="Silverlight" Version="0.0.0.135" Genre="apps.normal" Author="Jackson Siro" Description="Turn your phone into a songbook" Publisher="Jackson Siro" PublisherID="{da5e115e-1964-4159-a5b4-0b3e864b6791}">
    <IconPath IsRelative="true" IsResource="false">Assets\ApplicationIcon.png</IconPath>
    <Capabilities>
      <Capability Name="ID_CAP_NETWORKING" />
      <Capability Name="ID_CAP_MEDIALIB_AUDIO" />
      <Capability Name="ID_CAP_MEDIALIB_PLAYBACK" />
      <Capability Name="ID_CAP_SENSORS" />
      <Capability Name="ID_CAP_WEBBROWSERCOMPONENT" />
      <Capability Name="ID_CAP_PHONEDIALER" />
    </Capabilities>
    <Tasks>
      <DefaultTask Name="_default" NavigationPage="AppStart.xaml" />
    </Tasks>
    <Tokens>
      <PrimaryToken TokenID="vSongBookIntToken" TaskName="_default">
        <TemplateCycle>
          <SmallImageURI IsRelative="true" IsResource="false">Assets\Tiles\FlipCycleTileMedium.png</SmallImageURI>
          <Title>vSongBook Int</Title>
          <Photo01ImageURI IsRelative="true" IsResource="false">Assets\Tiles\FlipCycle3.png</Photo01ImageURI>
          <Photo02ImageURI IsRelative="true" IsResource="false">Assets\Tiles\FlipCycle2.png</Photo02ImageURI>
          <Photo03ImageURI IsRelative="true" IsResource="false">Assets\Tiles\FlipCycle1.png</Photo03ImageURI>
          <Photo04ImageURI IsRelative="true" IsResource="false">
          </Photo04ImageURI>
          <Photo05ImageURI IsRelative="true" IsResource="false">
          </Photo05ImageURI>
          <Photo06ImageURI IsRelative="true" IsResource="false">
          </Photo06ImageURI>
          <Photo07ImageURI IsRelative="true" IsResource="false">
          </Photo07ImageURI>
          <Photo08ImageURI IsRelative="true" IsResource="false">
          </Photo08ImageURI>
          <Photo09ImageURI IsRelative="true" IsResource="false">
          </Photo09ImageURI>
          <Count>0</Count>
          <HasLarge>True</HasLarge>
          <DeviceLockImageURI IsRelative="true" IsResource="false">
          </DeviceLockImageURI>
        </TemplateCycle>
      </PrimaryToken>
    </Tokens>
    <ScreenResolutions>
      <ScreenResolution Name="ID_RESOLUTION_WVGA" />
      <ScreenResolution Name="ID_RESOLUTION_WXGA" />
      <ScreenResolution Name="ID_RESOLUTION_HD720P" />
    </ScreenResolutions>
  </App>
</Deployment>